0,1,2,3,4,5,6,7,8,9,10,11,12,13,14,15,16,17,18,19,20,21,22,23,24,25,26,27,28,29,30,31,32,33,34,35,36,37,38,39,40,41,42,43,44,45,46,47,48,49,50,51,52,53,54,55,56,57,58,59,60,61,62,63,64,65,66,67,68,69,70,71,72,73,74,75,76,77,78,79,80,81,82,83,84,85,86,87,88,89,90,91,92,93,94,95,96,97,98,99,100,101,102,103,104,105,106,107,108,109,110,111,112,113,114,115,116,117,118,119,120,121,122,123,124,125,126,127,128,129,130,131,132,133,134,135,136,137,138,139,140,141,142,143,144,145,146,147,148,149,150,151,152,153,154,155,156,157,158,159,160,161,162,163,164,165,166,167,168,169,170,171,172,173,174,175,176,177,178,179,180,181,182,183,184,185,186,187,188,189,190,191,192,193,194,195,196,197,198,199,200,201,202,203,204,205,206,207,208,209,210
76.90752317979256,51.28157335323216,49.36501919528591,16.797053569633654,3.8517012587634567,102.23501464818,65.01188791989209,43.70131625223558,17.90142917393941,12.647707441670324,65.37479211221783,47.977024274558815,50.65290624628168,18.23578612054128,12.77222319186004,484.5874613211985,82.9387995656415,47.47528884966111,22.455572055869688,5.0763376428839,0.4254470245378136,0.367540182178095,0.4355636934588018,0.465988024221962,0.9378099231666474,48.91966381342735,14.278493734526077,14.409784540632364,26.536410854184137,11.883381046414208,44.90578148841664,11.899970277534544,10.349688818495776,16.675431216817767,8.36366618280118,95.35556952098072,65.14593123561143,24.080645979168825,17.418688506569257,3.5489520542358832,115.41680290401992,30.09778453669005,28.099869115635983,16.071257025036143,11.091692838631996,83.69710624483706,46.55009089170258,35.39836227421371,90.83388602083151,40.78417932152068,84.93722529038672,46.61470355720161,37.63725383703119,37.56705033200476,54.615476863659005,35.347321726771646,38.39211516735352,42.33642900401953,34.93555870540469,12.063916322961571,44.48500868676224,47.694126846302446,48.15902631086029,35.630153144647764,20.224529843796127,46.510420798110005,35.768057157710864,39.61648278447036,15.019721029017337,10.055734412333916,20.43094920354772,16.91944011954184,14.941922834579994,25.210961110819724,9.53034245392505,54.06325114127296,13.409674754370768,18.12045716188312,22.136122888567165,6.194745420034323,77.72456748090282,22.425146796799552,8.437637375803414,19.3726706202026,5.7030995236244255,31.21331024548837,6.660840871305957,10.507233712204048,18.45171095195961,4.499861098628872,0.44199998684739,0.4184951430582971,0.252316224825162,1.5968076316714097,0.6998523337683726,26.529555078584444,15.912017146876998,15.032532376812537,10.192854620332405,7.083420334946938,61.351387821712805,55.9861973921028,26.04284248274009,18.754815017135662,12.749212032077496,46.284326315934,76.71397854679496,45.42581894126847,17.234248941058574,12.033128650775415,38.32224747094365,34.498508067949466,11.55146043793532,10.71948812883236,3.5207154821132343,18.295779118989845,31.398319035107928,9.526344624684157,67.21245193706798,29.178978160504244,217.88026060393216,27.185721701080205,16.809124653358438,34.302807012483704,50.582053009498935,48.54501571386208,20.945441090433714,14.14596950800728,15.064660555488109,15.48330871510417,42.50321459907563,32.18982261584736,17.220373155499058,51.48944844034536,11.639891942230175,29.808659614731532,30.830882016743967,13.549671941527397,16.987882126213993,11.604123287851888,64.39242293784659,27.575987106995928,8.200962451787637,22.49469067853081,7.440868632344973,129.2695994792157,39.7058381737808,5.670320395147745,41.398697623589264,3.872523728156255,61.6951689595103,18.820037349674365,5.303721704769649,19.55585098403117,5.670527013600051,34.22133128433889,16.90592515357205,6.560988118114985,25.31046921328684,4.042302759302608,1.271158900388244,0.4674461818079714,1.1561311312563247,2.23696109689596,0.8002141853192318,47.74392338535941,24.994838452185725,7.963264521224698,10.644954905666747,4.028893923983151,15.678960405858128,19.78192292892843,10.029085779230208,24.254968087221936,10.910688660844611,25.7329980135264,27.18927473547024,13.135064903312548,42.18543161754359,5.841981800667671,34.06474583117228,22.243109208930647,13.094710633999826,25.639941656931665,7.941747526272602,58.36477144191332,21.98457819178618,8.424137755787601,50.35042557346594,33.32421486238006,151.88410687260014,28.28249376445529,26.91089879955365,53.13742370177907,30.109946277075288,98.69133492445567,27.74210058997248,28.20263904194659,31.4334175834039,11.13612231501526,98.3346424022456,18.108493294717057,15.45073239183786,48.83398678927109,17.693036474895752,206.90318387608,18.30156892104201,17.045981793777507,23.671316924805645,3.1744653210873137,0.0
366.3382021570002,102.05914862817252,20.22302148641198,13.005060055339776,7.79000892660289,941.7197712399386,168.8274153879609,22.70627239449478,16.113735804855335,14.655698810915595,322.4693278771046,72.06062113364169,8.557713327731424,11.272568966378136,8.36461818304798,268.09326747322984,38.405098364477006,7.089908393226386,8.0865309227439,8.749614013650014,0.3517553103118089,0.338923213498235,0.087281297968375,0.7673302944153133,0.678886566632468,196.00368072594347,11.275590385664536,15.078489377166404,14.267418517992944,8.836450288736609,131.40976485761988,19.95013294884842,32.275761261163005,16.978809648906303,13.914705768315576,189.9584857045471,8.844669721349215,27.01505690764911,20.151100104000687,11.715443387314476,170.33778913497275,26.02126414245675,9.667433420476629,10.11212224099922,5.816813053465808,189.81234744767127,14.3739275690701,13.292786578065437,42.60462742426976,47.40288011744219,406.3423357441577,113.99324312975897,13.967885296151731,40.92856551266576,23.01951972782423,206.6126543774528,96.83341959467172,33.48728447481268,13.447188413929288,5.340830329925641,496.34773150739215,146.63925596122294,16.801188995917716,36.4254599558211,25.012943020274047,666.9914171860643,151.58970278812816,29.48981171709836,23.53889737445836,10.713418059430824,303.1270016085055,56.652262377444806,7.18846548894444,26.07434954379752,10.980707976189684,175.18109015606672,15.727898831922674,10.976405236318042,25.337498893049315,18.931594508411347,163.24179362064567,27.1690390617072,8.55041657021207,28.12079843806029,7.520470228820413,68.91836109957251,10.395678211659504,3.9237632852707898,9.969772891447786,6.662683603190145,0.2138214795055644,0.6275206952080084,0.834984332521289,2.4168223047225257,1.2114540729857717,17.685851294269398,6.958870461848499,3.8884759490849072,16.83564686375812,7.379798239757174,104.36583487787676,5.237860718200073,6.407718294316815,21.395839398887883,11.81168000011978,240.24661445709512,50.3458774798484,13.683383356514346,28.86508797935629,11.4410808243135,151.92536562448737,33.60529394775348,8.983407023752624,15.982458785319334,9.24470158614394,147.8546866588194,21.856858691555697,17.90276568749544,60.25856876991904,35.46111013799489,549.943658276187,41.76802451551244,22.23968745609364,94.24040536857304,22.200164815261136,84.24458711248782,21.88938785390595,12.326347696206827,34.84572067930276,13.360908165921876,201.5577228320632,38.022045600584406,9.681164334605644,33.055653573535395,38.86671815088616,273.7156404185532,24.07120697924669,12.92874580996612,18.659367694105967,13.095784302083604,164.96203980429027,21.003922962646783,4.529535955529648,16.017398450702085,9.087820285376711,209.36269314316624,23.729949122894237,9.573820103860026,20.850802509086567,13.8345659820813,140.3930024698547,17.726815396816804,8.897162043686015,18.65338538985985,12.072129119178705,56.542930075956505,10.116260082437108,1.9172158788217712,14.634553670477295,6.90781018144099,0.26474003168512,0.7409645180216432,1.5353992981616502,2.5632016419995,1.046199368196106,106.7641911791616,8.955870001371874,6.806861770943608,12.68711893791295,14.637863376629296,77.7404307865501,13.972160796028332,15.907853124764337,25.26783885347704,19.482937998835272,156.7751688374439,47.69097556176781,47.6258671348016,23.31375419319489,13.485433455153617,49.62048648101765,14.206257994189611,28.20106237073252,13.549418651100035,9.07528607864634,144.4701648254382,30.26856325656856,47.507374885875606,131.64177885677228,81.31466080430981,441.8271063663224,57.09059957179274,30.030230526927166,53.638788249098766,45.21295446193688,109.4729544727147,27.786819485378977,12.285745334572749,18.5181475783804,21.58877188859714,195.14963452943016,24.842565384286388,27.93237898684477,37.57890309038879,25.608761953569687,276.1607340746271,27.210921612870703,11.0001106094161,22.236154639351884,13.267371123407717,0.0
68.57819098201742,49.4028211744133,19.151661472810776,16.290282211135224,6.520040096518528,83.28056829399517,55.042370440586254,14.879240108636235,19.212627119344663,8.10456065759179,44.68846128381772,47.80142508322142,15.700206838587704,13.516604838613684,2.9969620367356407,7.280140709302061,14.857679758576216,11.092762153037638,8.793404013470479,5.351568105537091,1.3836434667413244,0.7563053162261975,0.5636692896072978,2.954602574025622,1.2906475448121106,27.781926029192142,30.95782114592223,6.863065890221664,18.286704744375715,8.282650082958519,30.9136344161303,34.81971002488737,10.325891239523717,17.019151544332708,13.248608990291912,184.22343012848688,59.6920822005485,30.425962280144837,24.323622711129783,8.49606359421777,42.80813534149081,20.72418711984876,6.72710886029637,20.338284546910906,6.534784274190224,73.96825347994526,57.05267207988867,18.093500453185847,76.16452194874388,68.0054947611558,99.98569575177302,56.571082972659084,6.010001443242271,32.947031972236125,31.49316981534818,75.68135297184521,72.05509684551319,23.26301216304047,21.91122843662036,6.336201575796139,115.25456904197064,53.48639177658606,34.46209289844996,32.73391950745517,14.875853261610528,42.28121549501449,43.9046989156662,11.446984922015943,20.607901220279576,5.296425466885808,15.172207037299138,11.556953197922844,9.213965361752974,7.61453695874147,12.117576069481096,101.51038076550611,15.751130713459688,9.063673501981832,15.579721248502496,5.32056356301004,25.70906836838187,18.166565894346736,5.821433457489878,11.93105082183922,13.013483063161532,46.3461015844171,24.005269510558826,5.716220964966884,10.275086881572957,7.178836266180061,0.7005520344605447,0.5439143017046031,0.7046109737765297,1.357228283560276,1.4986101455801832,93.34530453786118,14.077849176554476,3.692562086130244,10.061539015426304,8.099439034445924,62.586315544005295,33.76966650010405,10.022749502000952,17.28852536031949,8.715820501940076,69.26338868365667,28.29174697705165,6.712127463174113,11.957882762582356,4.610178200249961,33.094672072743435,10.53542851510852,13.549133440518784,8.139525540420694,6.284844662193281,71.35393098722528,28.884708744884897,9.21268417556232,90.72843816044148,55.665559048844095,59.97380826012421,27.7389780892383,19.38687218202868,34.95457070354989,30.914577347976216,110.29255332244868,24.897073467109863,16.715647688496254,10.734771590361964,8.805962453928064,20.795124746269188,19.78026206217396,5.075704178719974,18.00978205351274,17.89369607060014,234.88849617248945,24.377249441850783,7.946577331501506,8.25151999560143,10.650101100515888,72.21184481281914,75.07782899781178,12.707233473952908,13.033186066710757,6.2063845964627005,417.3921533205404,203.19276649457743,31.587271501436856,21.84609106167556,8.554905853198274,69.90737653572707,33.98314630319292,11.93103163856862,18.34251612358617,5.905108759713026,33.33779850754655,30.29626968003363,8.262800615816817,11.302825007647588,5.089198414559568,0.8666577678566779,0.1807670171826894,0.4765412090477284,1.561337578942417,2.004157661784004,79.93190134799804,29.73742562158415,5.030161110631207,12.915006936044584,5.86246955458642,186.17309616523943,43.47073337474579,10.311001851417918,15.542322993412965,7.563062510960617,85.44183915861558,56.370798482734806,14.052995288198389,18.68244209179382,11.047618784655148,137.39052675758364,37.52649515983666,4.209173561798164,10.270647161353924,6.343760352185235,119.93328085717437,27.36910261908107,12.1692681319334,80.72836851894294,58.22138863817968,230.54764984783813,19.15007141368212,14.785955389672433,43.569530713739006,29.145511681355263,37.157555927865126,29.40328503167421,8.282251153701075,18.657726300885184,8.543015459341891,85.92061992111037,68.07470944016417,10.981689584918517,19.63654280478218,24.204929701167703,96.70532989601789,94.54249450734096,20.422807651952223,14.941966740509065,7.389267273737749,0.0
60.99516556218004,12.87124707510817,9.97871308977842,17.57345428372537,7.716632363486222,114.4632721755372,20.1264248570448,15.618014006717484,17.782117609154547,7.887902046603333,133.26448242988064,28.612463451131458,9.650563032768456,13.604723341914449,5.178409573740421,25.69481772343861,5.691928603289069,9.104979191404066,10.439772819734252,8.468850940627007,1.282189667537197,1.3337825167430215,0.366520579723622,2.0634171610921683,1.0237657900698398,172.4229133846238,14.027153851739715,7.720981680597815,4.228488061039924,2.0323819132179515,175.04536600403043,23.72763278647704,15.819050418967052,16.086315643393124,7.945788208128357,235.26876755872107,41.677738719678096,28.64942944217994,26.456333918042777,5.934202360877517,59.10147535375892,5.679747148439156,10.294206927665268,7.828288050583692,6.649713811483494,179.8754527207495,14.493274199552587,50.91901036350782,60.2363214314187,56.0221639605177,51.92508162496585,17.714999617416385,28.899469414331943,21.513747612516983,14.10358049518987,117.31456130393902,25.23244171600276,34.436895413070495,24.46799446004133,8.47141386507382,266.0951462718566,37.50283729117484,19.28820054342495,17.534966494505547,11.204530941392497,733.3848770431526,100.82940485411044,20.816980719247145,22.89910181470664,7.288105173599629,47.09587325134658,18.02110919329614,10.45484257008734,21.60523866286748,6.244075815296766,198.19265600816047,38.25180948435448,14.767554916822444,27.50310735563156,4.870178411042316,100.62909872797646,21.26007666193343,13.563201104973382,11.638261142564764,3.599469658982076,53.8106096414803,11.048939883476988,15.765730412981998,12.244662189347473,4.719850598665844,0.1615409302963004,0.3014983451118753,0.5564761605821367,2.1424938202666666,1.763064249440126,84.57439365306405,20.47244468198026,4.563650742824314,11.18948762639169,5.607201950390127,53.6742085117212,26.88286563077492,10.235718020373236,22.498111369917808,12.822362877117802,157.01540018870122,58.21600099072276,29.59556024209828,28.29865374029469,17.07656974666178,12.288434011221591,8.043225096863722,11.368348053517092,18.132070461664004,4.142352007342958,90.20788477340584,24.53624683611431,38.13817063373476,89.04339821228494,31.968903380215583,223.9933332590884,31.87278894059044,16.773192650292565,34.494386153739384,19.4059917680892,64.26141746917011,25.595657245920503,8.569592355273528,22.18050971442476,4.9050598018690446,69.00078295186779,6.970340610753976,9.66345193733627,23.825736287301652,19.87826484404595,93.61788722589212,20.976175385534543,7.494392981942026,14.728538855150312,6.679024257058052,136.2204519494895,57.79901403113384,10.277658208106132,11.054980126941654,3.0619618487561544,447.3024954842043,38.2549495073003,22.732089305701,17.8537298049448,7.103148212295595,204.7273468567039,43.9908936489511,10.77646024656852,10.796616510759575,3.2455990998378974,105.02227992300207,23.566147732791585,6.848233642331528,9.185820657422306,4.3338191552889525,4.216869148299722,1.468442661677135,1.5146986009589507,2.0531406764632467,1.0970378234303777,252.8259386502624,24.929576539970046,5.709639892698938,11.801607271513376,3.444277001569416,75.4819955054583,34.058108275295254,10.651521515931035,9.943441486003982,7.656090047444818,110.05262942949344,23.161066443326973,9.802949854232043,9.754345290487176,3.4464014135318606,125.54681880162715,15.63653158224718,10.608329988744952,8.807079907661857,7.292508666282457,281.5091523212821,38.770896179502046,9.586589486402415,45.43120057416338,28.287089784760088,76.37306326160903,24.24853006111901,13.0292197435599,22.38184488448732,12.237528505678428,182.0708461667548,55.629846580689474,17.131983431840407,10.831394164938905,5.280706325301884,194.7605835827185,31.500404956720327,6.621485007874652,16.346637638493974,11.710729962083066,65.71549477711146,45.91802281455577,12.270059718617947,14.258443839137504,4.8982498473523135,1.0
210.84915359628843,75.95599707073518,8.05486259067715,18.75197704817413,9.050704665579424,472.3540401471488,122.33919058124071,15.00987974036784,19.715870806754136,6.3522094929594735,90.70759091722908,43.42257747162681,20.1159567045135,9.902255900249674,9.421588155150497,79.25200015411993,15.606660517586372,5.235391938731679,10.458272258435288,4.364732990388396,0.248426494360354,0.2168880250312731,0.2392382750328932,1.0502054419017914,1.25461924211453,82.393649821273,72.00082803633494,42.95804880980918,12.4243393229192,2.451958653516991,148.9993986487303,41.38252936895597,9.250377099138875,11.85569020291175,7.013592251196068,237.3465121293899,72.91364579710279,16.50870524960464,13.865765601828352,11.970348382207792,168.92761333495736,24.925926356046688,9.021091065834716,10.347651665969824,2.605099099554216,68.38491828877085,69.11789020076029,18.569484039696352,53.59911659356591,15.604943835045512,68.6296066428165,35.76283945478895,21.43015416109608,41.50554303689423,11.639698102585683,97.8236467380238,27.62114625331835,27.91236748792208,25.80245150603925,9.648061289231634,189.62541468331423,63.60467803363424,24.70413715972862,31.30776237666073,8.367027482610556,917.659154064334,135.28425295929225,52.662076136602245,19.494362622909502,8.377928621156393,80.33449271912617,12.352526004295331,18.62912344310278,17.402172533871635,7.674044078877302,345.1070169756499,40.57761029916876,12.04308159156724,21.290931114607776,8.007137333742206,129.05879488795534,28.185960327072955,20.914655693259583,13.684857669475944,4.11714859725268,58.65249308564453,3.170533075599277,2.853072305632195,15.903532631515043,5.2081339678140095,0.9737312735284872,0.8047808396007714,0.8833098464762608,1.4736323562750069,2.287139552688465,20.414773504515026,9.376370249818496,2.261186921123244,16.307933597725572,3.837949313306132,14.99412841312094,49.19706129133537,17.41325531354479,12.03260340115238,7.65431976219466,82.9085095340929,56.70843945559788,9.494637189043871,21.53530023826511,3.00164752807612,32.671777508310086,28.33177503205379,11.775370132942165,11.688716322538957,8.514275230824525,41.21892991435276,47.2186309403377,38.3545950446496,57.84593022751528,41.842602819846256,103.7282180098893,45.367905830210354,15.443156321098837,21.47165879799084,5.817714256011814,57.371192502452224,22.351781181705256,9.471392729622442,15.297506899924215,5.141409556135228,65.65017849815061,36.60777902402569,12.557734513329503,32.004023153665074,12.742709800164183,7.677073189486002,12.896027486547892,8.203976659243798,16.414078658166023,9.687191585221408,63.29085137777313,31.996852822914768,24.43846959553239,19.75850285745066,1.85701154958478,159.42882997824952,32.75425570755533,14.843146673001309,17.752100118963252,5.175069674702796,104.55318278485188,54.44792806603952,22.52808912445991,24.44147068948853,2.9683968308829325,85.17671537448953,18.9933491949349,8.047275982660826,14.225476986039965,3.4077748768510414,0.2815117121097427,0.4758102032611692,2.003415511941908,1.0750644618932443,2.14480402440524,36.097914730014246,12.613032232860371,11.73980276173464,10.199489545805871,3.979612854522276,112.2372573160312,49.84724799512826,4.892066815473672,24.012420968528254,11.9468125244165,241.84992426495887,106.95140248257184,16.164971837079516,30.722368616505097,7.229363616653917,129.11884338340545,45.68927563698424,3.169492687736434,11.859703885025992,3.8922006052716496,96.6676981179188,63.27653984707472,25.532564617691047,52.089297793563965,32.89534477264687,71.37086647488158,23.2598319147322,15.143210452629845,30.75278314205148,4.333319557718228,31.94661491585627,56.61189163603153,23.391109759710915,26.48226910760099,4.0250655613280495,95.09294639084416,38.1185997924694,22.64260672550911,34.726811017414725,9.098997016512785,79.86066032553633,35.644434365112915,37.30180698007624,20.49081500274307,6.202510445871021,1.0
41.477349862998494,44.986201740588704,18.94813486602257,16.925540208092066,5.871434010887758,211.26454883973503,120.0866137935213,24.9742753305084,11.715556501521135,4.766176016862796,105.189461557364,51.99679248614555,10.02096770215834,11.621062532155166,6.818057563189802,31.964445364327336,27.80655682938349,8.704314142002445,13.730285297728509,2.6138542354758623,0.3861672554631301,0.6741624143091002,1.1122266881403688,1.5745622301153672,2.201378693555879,18.87043279100268,31.139862128047326,9.33653956396659,9.29150828337281,4.041250842542796,25.47236408487925,54.612278531679074,13.352819878779844,21.69947666501111,9.047745796570211,25.41850014586708,47.50321539666675,22.462275693468577,33.46604166624085,4.62900220890337,12.610591891432646,39.0887020133881,10.69777749118549,13.003987159849558,4.4920997058347405,23.34091468532628,82.17495808707801,11.994882382493492,72.7105279703516,41.26918107349184,162.5884522627343,35.08465054029235,23.3872166266278,32.87862208926283,19.075167838016927,54.932794367290654,63.6858253175652,16.74736247076909,22.0375222864484,10.843872750785042,39.0571779186317,73.52498085756406,16.843538890961604,28.793360153172166,14.362996299230211,70.90486752915497,46.705121418759965,10.696776156160157,15.818665351036913,7.29667673905735,73.49857339805398,33.503981562317946,20.77313183996938,27.878128690472536,6.387929830417714,109.80976319742372,25.24797769702592,21.00543731715589,25.49211999545947,4.011026383627679,56.42178793681862,60.02374300988507,18.23323324644504,30.699080181497543,7.671509145247269,13.405024113730846,12.867982108265732,11.195254365651536,12.929924077302804,2.4860231621813247,3.17866179416293,0.5621662725860416,0.763429247141065,1.4286309724214958,1.8217421635770568,617.244545006828,19.8360737370772,28.729087109604293,6.589342820759761,7.631055565804146,37.23158438724072,33.716073085308466,36.028099893629815,20.963644176333048,7.249113685919414,45.15529770823217,79.15648805632554,41.79104184808415,42.262877883980906,10.691637229098536,67.68510636461936,20.376975293972265,22.88264205174076,15.274006125315593,4.51967353506311,45.47539090548673,42.152439996610944,46.525395742284736,60.7968667055635,49.7615661013048,68.58471229623092,47.43821087019522,47.2184223406642,28.423527525699544,14.802861978691425,68.2976434631519,62.0323999406972,37.8095691310192,29.168013892790288,15.007840281384032,45.67111201385434,40.861325699087246,30.42858202654175,36.17735664884978,10.120881745285676,153.64215664432308,40.94917628196141,13.57972837953054,15.806632137506783,8.07305132388768,245.4390461571268,77.78595669235963,15.527304240470222,9.072776912998696,5.68292436871933,481.3485689762505,126.22441436369462,12.119332928366797,13.057369893537723,10.337302278355656,195.65416831380796,60.16262553623231,14.10903793074817,11.62126041942607,4.971389906455141,49.801800607493206,35.94208607945757,6.2736019664248,11.88551130877794,5.263311568972958,1.883477669673552,0.2161663546119658,1.069701075894952,1.64898530726587,1.4421114398320731,131.42687319497807,22.50301818355706,5.06431548812227,6.053736992464957,4.297052731802023,58.81717278638633,26.791588096596715,18.256233914430336,12.188539644261752,4.485268080679624,239.19843646419545,20.46390751288724,13.60053903910718,17.790118319518047,6.569174192046549,142.28979866912783,4.227735860062634,12.204898746728686,13.198255783209817,3.435890365649803,243.2516411336325,18.74562644994436,35.87408905297267,81.90380603156531,28.524881249121563,348.6676300337781,45.709845354305074,17.141326833226397,23.140531981758556,16.237300001413907,288.1370106181928,45.5688186914366,10.841268439467706,11.87298085569446,4.050694376385659,522.8387778165812,111.70771283223452,16.335370583597324,25.459912745832543,9.696813295700334,545.3213748957913,58.60927503819503,11.31451332528211,7.089321721769278,3.9727047452491977,1.0
90.04472896842081,2.061790213408061,13.16916185623008,18.7790093322985,3.017458887472072,78.88982052161995,16.873875893687845,14.9405923794408,28.240507868740984,5.908540752152735,58.7302881880998,5.1418404623418015,16.36309456918997,20.13298700876664,5.406219132160568,20.592200469003085,5.558673589025035,13.996123406516208,14.76798178586774,4.135135623900386,2.354116285108516,1.5017921716799152,1.0043117394591714,2.17308104948159,2.119526879639039,117.61716613548757,4.00912068976228,4.602628945231755,8.343205938237304,3.032322162237844,39.88877136444008,10.44084070602002,11.240014126260707,19.831819683133418,11.301895282121876,57.73218213700747,20.87377461982713,19.10728889492995,32.58990052517079,5.847983891309316,65.38450045128864,19.53008538862725,7.954080608319272,17.521502764965657,5.819535363195112,21.01594725857836,20.88811079629004,21.798149840970783,97.99731321135845,50.013567501601926,138.2953099979502,13.541111750512083,12.588758009597443,42.06953328758868,8.439684558689686,82.09766912724906,16.255389889137614,15.224757471944809,20.834313177503528,4.076332649705661,58.26633259117811,17.883989970004293,7.02017797335862,51.01985476874554,9.58105066513559,129.0966656079997,3.8780205655634616,18.829064191471502,25.247942261081576,4.391138765246152,100.85701363483544,33.30021728653174,13.808847801703912,12.393333604786989,8.263714867241381,118.49899491216507,12.47564084307558,5.883724290344992,19.90415482228625,5.122713745308305,112.69351188947842,18.99723400141169,9.15849324731707,11.964314250154256,4.4282316025414445,24.954316201383328,5.999777450215502,9.250093461496917,12.00640623871162,5.22983126882397,8.34204619630587,0.4149894367819884,0.4731195209321347,1.2702239613734976,1.2316250514580995,43.54662455146356,4.570766186127372,10.481691403909188,8.146700733278216,6.883853617463707,25.99610152368967,22.336512971559447,19.88139439353128,25.4151081123236,4.484752185963679,62.56776233877867,38.24994805584006,21.635059486794063,22.492786538749733,7.945757395455533,42.97704973190236,11.609378692588711,6.555747758885886,9.939499110327246,7.486027230783425,47.02189723234684,14.10868096991242,41.94017874310343,85.28819097069814,42.58337588861535,54.50738617626229,15.09075971740384,14.143245892085936,27.905819568475163,17.530374865547778,164.15424033795347,31.86481233813388,17.886793359685274,10.30360497672872,6.510431994405425,56.16849925153719,19.60600561582028,8.245515740059325,23.47671988872761,17.783407130543033,19.83511292067441,20.98261033404158,8.145603570903747,16.940907635336593,4.73195612068079,139.3594227967687,28.38667780655379,11.543227815081051,19.446115778751448,2.495267182448808,75.99831234320982,34.913555936078275,21.82800417914905,21.373294566952275,4.268199680388095,66.27170887489957,35.42726322366051,11.705342923007668,15.992744328959784,3.7522419673745433,57.700010845545336,17.781398006901448,5.567356854511017,13.958508644583066,1.9884007760834288,2.0565834415851514,1.3606787174799504,1.3284244357250077,1.896331480848728,2.05932571981887,34.55096478228397,20.42016151182152,11.81512354235706,11.948355765656538,3.902495591915726,58.022235593972006,18.67121156906745,9.623726273717825,25.097253042927,6.430394570021878,132.50425502001758,52.78010839932169,26.61496940059576,11.620471215646289,6.665343664875488,12.75868630317302,18.353319696396834,10.428315606483569,7.992323072183715,3.279780816037712,20.32355824910485,25.147733903576555,31.48528629903842,54.469228970487634,35.34834036435675,105.49340124100668,37.09781896210588,15.492994068506576,30.94462823667616,8.387003895630775,64.46837670562647,20.30908297087785,15.221429849990244,17.901290129323293,4.25962269686347,20.226964942147728,23.50347571491556,27.118201525745818,26.184724290441658,9.114406805301952,78.3863825190639,36.31430471679949,8.946945422238624,27.19056270995964,7.738587382546124,1.0
23.05178722625198,21.804880035238025,21.62726888824889,12.003100405426576,3.831462665284585,69.54629607756819,7.342264291056296,21.46272516225648,19.463600524872227,4.071690475515015,44.30459006732144,6.9209512610548325,9.426537474708272,18.178269912061648,4.01817807762342,16.31809882128669,5.909104852571434,11.791391849616994,16.04254259475807,1.3765149792680906,0.8484352521625856,1.2290750558197463,1.218771206899034,1.1296570784241644,1.650098693713414,10.94351252605889,17.121757444502688,6.382696951823857,5.219199044388825,4.287952185116389,37.19671187403364,18.89928105276796,24.80344844987868,10.45025802499328,7.178939672052165,80.6449107579281,24.80881444809121,20.27474130958205,9.61267115739737,3.630331409298453,19.605230688077526,18.451347590802303,10.869380096500874,6.720826922228449,6.814783674601702,30.64671173655113,30.26580133374241,32.41903968169044,32.48579445024047,38.25812920364884,24.89964390981204,18.608861709104943,13.968295414732044,21.978046815595665,7.547489497777347,19.436572648810458,14.810047100520864,23.0749432827612,23.05182679824426,5.644206715093298,48.07098473102244,9.076871326560063,22.90028928399221,29.444170872445845,11.983507648421698,41.64405818157774,33.406355281655365,19.310953457358565,18.714824308919656,4.549920044107752,81.03128988285387,29.754458785563585,9.188081365676595,16.62949752965673,6.35609218172349,433.3637978725319,30.745095772684703,12.235017114008238,12.816463816641384,15.938375595647436,86.58531698829422,22.58400113275832,15.017109779038131,12.755763983341003,7.498949861630303,46.090737577730486,17.81499507052071,2.4228097819435432,7.036577269260977,12.438120789008927,0.4780072657829536,0.243113547274552,0.6523507340169161,1.816310213434872,1.752431668407502,169.95029871273536,19.066383945217822,19.8770404942988,17.02311902995323,5.475368209435062,51.470997804880696,7.43928043039909,6.603938716121744,15.565241459977308,5.461636718589848,48.72609883359543,24.57076319091644,9.424018554934053,26.42058233651495,12.734195661398596,48.5014723048114,9.467324719787488,6.360678824983069,12.979123764135007,3.616651219316823,124.25266371818428,12.605176438577068,12.329880019407884,52.868782123659,56.23597252991012,404.28037261726377,21.403792968123923,28.60482254610769,29.941735002766208,5.3649267767171045,216.47679439025703,34.8351662071896,18.82453354377443,16.689550084400228,9.040940274175652,152.22220648735967,34.52457136938813,13.895033872621864,17.21698751883469,11.784982024381469,187.69250051655,33.80581969542216,18.05463179811616,16.09657003674678,8.877748325778905,336.7335392185448,43.6519970058978,13.782684758672216,11.477098838699572,4.560708122437537,759.6581534273541,134.88824614046626,27.71147418060985,8.918002095407054,2.3121682952306646,228.1423371942726,16.99225672609466,13.129887567283175,6.765818421821065,6.56909230980605,147.49802913823174,12.775990215675453,12.807759057583857,7.73181721789169,4.374203975326776,0.2297122118371074,0.3050736609076987,0.3312743334327911,1.7724735668018463,1.3100366534664103,468.2867628894351,12.30143305504521,5.843340472987434,9.005772399983055,3.616035011553184,210.68426231665012,11.102854007293868,16.710663291789572,15.346888832040769,8.63211415821168,75.71218510515251,20.368697949485767,17.344502983049885,23.80707135963992,12.64838177827366,76.86424260883838,6.061124761116165,7.61067613921472,7.762089570099227,6.065909998790263,76.45634677252475,10.654275067506376,9.95327197133772,56.95803899141524,29.339304467735843,181.6865631313106,57.03751204749639,17.745579370384597,16.765460740810337,18.44702172299824,151.592089919907,12.81397355902644,8.924398480223548,12.992354810477662,7.447488914245558,398.8858713704108,81.2996227895024,31.14102347088079,22.66538569773761,9.96130969157059,625.8081628814157,130.6803832670521,30.44061056982754,12.78813551036014,3.7075545636739857,1.0
53.0338198884813,15.119807904066676,7.895265738569181,11.464037026867167,4.0858745889108805,317.78660706305715,27.364727714782543,14.29410392241732,17.542295748773498,7.7385769545030945,54.22315751614875,18.60118227355531,3.004195396276388,11.409786286891697,3.749474072483871,24.98433337568506,6.3299242535655855,5.563952774519322,11.790797634277723,5.787003093403909,0.3815865797879124,1.161516317380737,0.4228242511728516,1.1927808600618444,2.274845714181711,1182.15197746874,47.89846937318944,11.00927150947351,18.85994568969265,4.333146099391997,96.02057803514585,12.15903640193514,9.334918131650667,16.155017694943588,9.472700690759032,93.89168256306118,38.70304665902554,18.36622760306528,24.11436099776168,7.404429130105792,87.40200332949058,16.46835669835481,2.358252594017044,10.864683010340272,2.115803144436293,87.22581728117994,35.479812852921434,10.97618729449667,60.94650186093112,25.33524800905652,236.7518336179548,14.600873158105548,9.239791626052902,25.39049620543649,19.29277802712872,52.602606775037806,16.63710635959834,14.048981626427071,17.624288821889,6.30307076199694,69.49980931562841,26.96185131941815,3.951354176769811,20.8184851228918,18.53553531978622,516.4060397752129,53.95119647074044,14.845543231843983,27.69760647279245,7.621013812472678,24.825041181754408,12.525850955919864,10.215571942067896,11.146947628105504,6.352865532891466,149.28572308864287,19.89610462902601,13.029587746082152,20.936506244824937,4.18820760048802,59.21599216728618,6.760628004240689,6.458031279951326,13.040860798692936,7.626362512106554,23.80932883636121,10.428384938857388,4.840754091131528,9.157666234856611,2.7188142783707145,0.8171145669093166,0.7124678154067112,0.8249433382333112,1.1858633088853434,1.7162869858678087,275.23382420586574,5.763563599572969,13.851780647933984,9.572097009763295,5.53262659048396,53.21025585870276,11.83926441986746,16.21355443488753,13.79883716983858,8.813233229046041,167.91339884035975,34.61460648111067,32.96123197040834,25.140049379782766,4.870715660549975,19.89272658932983,5.351343672563571,10.098478759395784,11.217287059631325,3.400545623498066,49.81834119962497,11.072655635378904,31.471257974848125,37.81326500018662,25.61247973224697,67.72760378731954,20.85897831138348,17.88750704214893,40.01252609376103,15.893910009187149,47.81474513135981,18.78559239454288,13.674206104924858,20.535868977595022,5.986421600294214,34.20530310367579,22.306589436916624,9.252761802126225,24.276720273707,24.356854528279676,26.84313458331136,24.324508128416596,8.647340678986318,11.828297704199398,5.662525611017728,131.63106373914223,31.62132418835134,15.275573259867867,10.62734687850398,5.547938354676759,292.5784547562836,28.616273793205032,6.46566700236318,18.56926312942292,7.017158606678764,99.69938067364905,61.01692027965432,17.00761544912738,8.640141422063497,4.982318960319641,39.326998330934565,24.59656208831821,3.717191281574213,13.653034353699988,4.549674284988408,0.2307061441646638,0.3678731975845642,0.9323223555862816,0.8521124608707437,1.6989531328830088,89.80290646867972,15.597523377953358,6.513407467869625,9.081743313176476,3.9127995467452905,122.83873623113338,26.6088496862536,9.670205588071012,25.388732970045204,14.09956011790536,163.38653302135083,35.849655770919846,36.273612279693104,21.90471526482484,4.427489088735054,30.92180104109802,9.35105056605861,6.738457802139872,13.627917284530836,3.361738246515224,60.69990035351661,47.79315498648752,27.39023545704251,27.264785501978988,19.591184926792486,319.0720391969774,27.28334356317752,11.620693871912987,15.906604864262007,10.121484085290565,136.3343277572259,89.43907883610922,20.74013616535592,15.60142969939734,10.960116931921103,110.49467745296604,41.17890535697013,14.393124030912803,38.67040500439177,13.720691669075704,190.63308377032416,36.27325808085496,11.22160918283053,8.579534127110838,10.720389451366756,1.0
81.29106291004953,22.09250985979076,17.067563835100646,9.1040829107408,7.518617285135367,81.99406579268177,13.13478654368809,24.167312646405254,25.806859052064773,10.96120329192182,59.661025036503645,29.9263856858384,15.017252789204385,18.41202688129549,9.230005390289993,63.36429064048103,18.67399568072396,5.575604168896096,11.211811188570495,6.469706133078947,0.5735508290711303,0.4960526936824415,1.2752402187782992,2.3803104104084247,1.3799029893251795,136.51534181600894,14.152592414951863,9.907528888204096,10.04998722400143,6.427208717700731,25.962543235248223,34.161852115985944,13.478778046310502,14.799320820486708,11.194635556710663,189.9508271731929,59.35163753966828,25.97180282775216,16.377579531217222,7.165331753589319,35.81887617652179,24.56841295413497,15.48079664312764,7.818732226223527,2.877944328225115,64.3511717448373,32.38071646979407,31.966456352106867,39.547476119065614,19.87788679884711,106.74576677290464,17.12466282029124,22.85472811095923,33.03536920411096,9.116937290016976,99.8328584521246,31.837174087006304,4.722569678007913,20.37177536987789,8.411067757043833,54.0660994787153,15.183001241322556,24.388702205371565,24.91736716290078,14.65402384480417,14.8296336437166,9.181306821707317,25.71169724850262,20.14543556658132,14.466860147501972,71.38243251368209,34.74408753798562,16.80962488305413,8.108286158601235,4.349020386629514,318.7772053852988,54.39662606723568,15.404864282950507,16.77564441497002,4.480649771891617,35.64581222952448,35.61462627556794,18.496506103162428,8.264767351631878,3.2460902538492675,24.02769770074465,14.248658283098775,6.4726287946840815,5.526286312433752,4.170964322546298,0.2109298023418538,0.4471117102778244,0.3031941253548678,1.2365612035540527,1.3839682901881607,22.48884544179448,31.813437357373545,8.297669760786468,4.985180265404908,4.53272200696679,24.33694553548805,29.048389753826143,6.290520578155288,9.715950864310177,8.047660870788313,77.5679647455552,40.62172720917192,11.024492688828996,14.529334080860115,9.305111360059865,12.33126068563096,15.400674255075076,3.5134044042811667,6.821527882308296,1.5184683644689612,28.46478859988976,24.17337109704223,17.500471010286475,49.07587738151398,24.924258946615996,382.9879505526197,44.26136045257448,21.31410235090484,20.181423875745743,8.443306099138258,43.014177035059056,27.897667856657097,34.95811496812838,8.724751559676205,4.455580236794108,125.32415612747012,26.91326408947464,16.54985888187988,31.259037172922326,16.9376251952166,112.10580934093804,60.79110968538046,42.35509431371776,17.182429650418268,6.971663666952636,236.091479021608,18.014644816638008,30.563850826746812,22.638913431594275,6.737430839452736,300.94736936175235,23.813059021781967,25.93105588038721,12.79449187302534,7.056043530326352,75.35599958333718,11.974486074522632,19.191470837502315,15.131376507981146,9.334297676813774,67.14389450932156,14.705083345610932,8.51562941944867,9.146445763209476,7.033003822345356,0.6145928032383388,0.4247874360996921,1.0199157619522023,2.334325883774361,2.435004085213285,17.546339832306572,10.507153123224125,7.734969003861134,9.33087932541524,3.699911481814108,39.49541785579151,18.87476100377629,18.448024659599824,10.570438516503131,5.8913691005684266,115.46198296462263,38.2962308078765,8.804430042992742,18.785198694535705,7.818733996248033,33.386899632435586,16.33626696290395,13.320594342831695,11.809232082340596,3.8876008565882048,35.010457110396764,26.927456087790222,14.332566657241031,51.81899912048625,65.03951028015246,96.98294740698351,21.82528085658183,17.014241025338986,26.678046247473542,19.793451233927804,68.18638768774386,9.643980030890564,28.058512035497984,21.96529444946508,7.495963696707155,234.04943583706813,44.93403479464893,14.644605067877892,19.30449369407093,7.398733216724882,151.8846254030218,51.16536285861535,18.18537348518433,17.518597375572085,8.215237105476646,1.0
28.078097613787907,105.1807269394418,13.912763747303174,19.15947008265504,4.708729764811872,97.12776552057552,80.7028398265779,16.161676686213628,22.831551145829568,8.691505899872304,27.80091245486769,66.36486866098367,14.91247629513736,21.61842405283993,8.664920124150925,124.6518974747778,15.083266406255696,6.758238026700987,16.40559897106848,4.497733173462732,0.3345160729330872,0.800383589795898,1.0824813335021215,0.8269995515737739,1.6673612917593947,29.48005441444021,14.155825228297632,14.847755909078057,11.8162416636001,2.310971343268001,102.47448749264476,22.32999332376509,26.18782491902343,37.294592159125536,16.53894755371907,112.9445315598502,91.00248447906436,15.21781387523734,34.54641899746707,6.622855247100032,28.988426756964223,21.116487806805097,5.507069830009502,14.348018010418212,3.881749997781243,50.95594831192095,68.22026271153916,6.619469651019207,46.31764806246156,23.471969418590007,50.708687741880055,86.37061549116241,21.492389021957745,32.61744880112193,12.348136326413975,23.851319434473247,80.67893391575527,13.684111359396624,29.219962003711384,11.431763357066972,40.822334179869245,75.22564987457521,19.236127161431487,20.705700597490367,7.696151841618952,64.97973545718276,123.11590684946088,26.716492872454086,37.83110433444323,8.369601572911469,40.22463697375549,53.05703395023052,7.673341326917664,20.723709438017305,10.743544832845684,215.05666242083143,32.86850498894607,6.096772578027701,29.63251572864442,13.164637698508288,45.34176254086284,66.84488264482626,4.663769064320492,13.904274004199028,11.742451487069856,1480.1608420144587,196.17282014439596,104.59355601461598,54.94093299408031,15.602944255498308,0.6647871926693398,0.5497369315786612,1.0548332556338873,2.506807698864665,1.457395046132657,80.342483177535,8.485243325358867,2.665023652648912,3.5852118040902448,4.480124737245921,21.00634322086678,10.756727556597632,17.60760666619895,17.52631644622776,7.371476394904686,832.5473585350345,82.89352681789731,27.27413425632911,21.68477721133133,8.413892640228964,16.815638204807353,6.240630552721614,3.6789856967567833,9.273782553090568,3.9925082929854128,20.185604883797573,28.934945058816567,35.25836244053037,31.78305959784345,46.52026937855374,93.89604025088792,75.3797210285639,13.876828576495992,21.913538536636626,21.221539743983023,102.70137784107465,88.13435822944989,13.304479485072424,25.34649666416876,13.720458570401352,82.98010915135335,38.257492356552426,10.935863957995831,28.57423777182635,24.009795734265527,49.94753513820753,44.50697627066791,5.236829436921632,20.678172170874102,11.99090490566758,62.8167353750172,15.415619333965733,15.437500907923488,18.045921463115377,3.049307770470572,503.69297243169245,10.204803715913163,15.38434676291172,21.272892059775423,6.90969767079512,98.62218599522056,28.02163738668269,11.019159031433768,20.420278619586888,10.094618062901956,401.0516691789232,21.470604580653205,7.700778137331766,10.623715290303426,4.043215473393315,0.8537899653214531,0.5679374492441209,1.009004852367786,2.073455484793897,1.606853958715852,240.03763868652973,9.317874709318778,8.072019266752267,9.844335928641945,5.37493009464781,311.3976711765598,21.281828128904948,13.962062578725368,23.784740403133117,14.747193902053288,296.9507096212629,21.00292052842788,28.987121712904408,33.85309632872124,14.885677959192344,93.83779852390433,11.376556892107928,26.2978093033244,16.552017072758588,3.935088353483976,225.96481936933577,37.92077912780731,69.6605084039949,98.35763446603043,41.93714464369168,253.6011656515261,37.054482488990686,42.624326533579605,30.26360283339352,10.6415001673544,126.60243243995654,28.3968386729224,25.006399426235856,26.614848107813167,10.927731137309038,206.3165441844844,22.997068751459626,18.27286572740588,33.756644241908724,16.052539807033845,157.80312931849022,28.83107867187445,17.95869882987954,28.117675152145665,9.128595810354913,1.0
99.51269119068697,35.37987664211732,14.52074863081882,13.832873258686195,9.389469478489936,319.0295390782642,18.676744716507702,11.311186401710572,15.5607004721797,7.931502325856605,154.867043893716,25.04384163152446,11.124983460674272,19.35182412147407,5.681206905748121,41.45459101222404,7.896866946476086,5.243897063344079,10.640504314777576,4.517394462115214,0.319642414693873,0.4750872023846796,0.5705176171098438,1.8710796653356347,1.1312358435476106,130.58174319396247,9.34108667289949,8.399501987563559,12.216337612031984,5.633589429908314,92.89431040294195,13.382488817964957,14.8586772270468,26.145393858480386,10.192457621684303,290.28580705290415,32.542095789187805,20.419962967207265,22.826596847565103,10.835805042256036,50.12930975658708,5.864836933549647,6.453538353989223,10.155001399108952,3.2327298131878366,131.67564487838754,13.860612109659469,14.869049871094864,54.79883241933587,27.03312529012696,308.0470843154816,17.931305446342265,6.129326092258001,22.750802078854274,13.208836591632828,125.4425021355124,49.78400305854898,10.873967755381798,15.847425034734028,7.2320956582290385,149.82185893591668,18.60926271138373,8.529492790091414,13.848177583055518,17.54302236555759,84.94623813115558,17.59018781973706,13.434709767866588,12.698496081630708,3.060798890677469,52.20826751617207,40.716881120757456,8.844656293214127,10.01296960075824,3.795152503801333,247.7632804087741,84.01801543152649,24.624039211344265,10.822859362324715,2.103237489242041,69.43921911638728,30.30324255960564,7.491150562893549,11.826503539848854,3.349731673899344,60.24833870471698,14.999987083987364,7.618649188160848,9.827066635052548,2.782545914012409,0.5897674092786855,0.2225237710999395,0.8519099945087358,1.9620953379416768,2.638015254783181,8.456645483174125,5.209164414879119,4.460707889175765,9.217349728632117,3.6013805047291294,35.01371147983034,16.71764458456549,20.15163674444364,18.16006805188468,4.175074816513469,114.67996719108687,49.222285960251845,22.30907386353805,14.851507496815628,5.505460150194088,20.836215037451115,5.978501167160591,2.611972314035436,4.923069860275413,1.69853669934474,24.27855886337272,16.629016449466302,14.368518968079004,57.6049860691146,25.01559431764325,36.834109422044726,14.587703736176428,12.607894490945364,13.8512080480886,3.4571954497708903,71.65376971914365,16.73605278032851,8.072603838511967,10.876189079605538,6.320565276567368,139.71378341719696,55.560670295775054,12.03424441662968,11.202022868830303,19.277073492616008,98.73524719578832,79.9926578811756,12.364062601098087,25.674128876893825,6.192351927177672,241.3778556253286,12.120645160691492,11.216772953679763,19.994960949871103,7.219292825374105,588.1842371677535,13.325090407782264,16.365210192032237,24.3271160717374,7.34499525884472,166.35293031214383,12.92200516460063,11.694277377961557,18.25586902159382,6.704891871731366,66.36760185511649,12.777526753981691,6.23059275561249,17.164614350826163,5.260815730008452,0.8840115916329003,0.2852484316699016,0.6155044473192892,2.194747679551208,2.4346286813317115,210.49575654017093,6.720991320834612,4.146575019525296,9.23660438865142,3.625631726671567,115.70633378775057,9.476576702368336,9.876631864386304,14.54371363185758,8.83150722490579,142.4925377600565,18.894966894163105,10.771217155137004,11.778603673852444,9.39956429875416,71.1730158701667,7.465115758182603,2.7660203080641006,5.775291659836667,6.1234295396194565,187.6537999374113,15.780407672036024,7.556019737866683,37.21092748202305,21.972932264999912,762.8422444843046,16.105417478770168,11.877730239824968,32.14553747443236,15.44828960175836,67.80869302751748,43.59202873326117,33.35798803140064,21.143807684237892,11.407416952946548,128.5133276420673,20.135601543991687,10.798623127101724,28.32423495661113,14.14051129622534,111.4454223724781,21.027287943365486,20.889945543874507,24.82290547828498,7.275498938351849,1.0
80.27832029762838,32.53754205105149,6.666126940375128,13.610955003896304,3.309443510678045,109.50747438875224,49.495648387566895,8.077434670487408,15.00584810617424,7.311278688941709,73.52257631362055,18.792674386522176,10.088620847459792,15.666676576708582,6.745144092609157,127.64193706389464,10.291941207790272,5.292673153898448,9.450993868059424,1.5266742526740904,0.6524945423409009,0.521832550136822,0.5662937763142097,1.7417055167060165,1.3806010405468376,359.272347033304,28.6862849826174,17.362770789805698,13.455449615285856,2.788902699711012,42.01167605053881,20.611053752740727,14.02227458655678,26.105897039257304,7.030759552550288,200.85541816459852,84.03252716314304,35.69125111110711,13.75220373842896,5.22725783563589,79.14607945173475,14.290012039922546,12.834079845802911,11.240083941745135,4.722424604900691,56.89135177469935,22.05844054222045,15.89966433611976,58.3534190026017,35.31207684155723,69.34960319482423,22.786063212900032,18.430668432114647,26.65040763106463,17.153909527315555,82.65238672647862,28.47982370297237,18.289749954956505,16.02148759237583,7.310987243839063,76.19176542054227,23.348047328756287,14.734187122540527,36.36774691207899,23.2004817721418,36.692845865107806,23.19233509308121,19.40296086590033,17.48035183045591,5.432166860127057,82.53171434615388,19.20552098559108,10.898400215561848,20.543466921068816,6.917521176402439,326.68423737216625,61.827598181202255,14.905713140644764,21.736904205043,9.088339467143609,50.21211243509436,31.767906734332406,22.390343280491624,17.28399732447328,3.940091600651495,5326.21468887098,664.1533362417885,178.52374214585194,122.272402634034,26.559942675711326,1.2622755130965326,0.780313914780048,0.3598930843905688,1.1628932333373323,1.3923940242358075,11.285369927079236,9.663691332673183,7.786220852918237,9.712724731236383,7.236763538545792,82.87969673183208,42.18862597233922,13.247053054969264,23.05031791054929,11.329970897371602,58.692324651348855,50.749743475603246,19.128857716047413,24.0057232754052,6.914585773716889,116.73941775581213,5.843229867571401,8.135129907897124,9.919578266468696,4.207739862033245,23.20791105930577,15.998816607751111,12.134217895892723,51.090787135527584,48.06227841604652,122.42759996311024,20.216558605010388,23.236921720851456,35.06448184246955,8.359518271800363,157.24104757224245,28.30797167880672,9.773590723391605,18.92005373421356,4.701087982388076,89.95015801905964,34.57571319555511,10.18435667208204,29.82796877536336,13.341183507719045,110.16481364690767,27.279604862062264,8.868919346863004,19.245854963839488,6.799034856992432,95.9039025622677,53.49229573560893,20.914412978864245,9.259204592685863,7.119033072180305,31.767784812247644,89.47950719509998,23.084789011628366,8.389217455149604,9.848879837297936,18.9263967546878,82.75765999582963,16.11322436965181,12.809971674520016,3.495286057951709,56.77413175986521,33.82605916796169,7.389526113236188,7.888442461625547,3.0418336009164406,0.7568756261282058,0.2243097524832176,0.5453461466341201,0.6244817539377828,1.310138765923346,113.2863372100332,13.263970734309313,6.819316916793403,5.78900375951404,2.371262308531572,25.79878172630111,29.741380442142525,11.032731377693615,19.71994671780776,5.886641782347732,151.27710370953028,74.35332652663772,39.05257216637355,18.04548977767492,8.453256135296616,15.978848449363074,27.374243004437783,15.948601135245328,19.003248022637475,5.936219439474677,30.626910319436675,52.901236332634745,41.32641216333116,19.08722307542014,17.534805060425384,28.869176730118976,62.14937731756228,26.267735137686252,24.14692875101086,7.138190496801413,28.68468492704569,119.32258625975106,25.78177921179196,14.4777108430823,3.912320661678188,63.98121314383172,79.0594280315927,33.50158707758757,39.06698691308246,8.578019026766633,103.51154784661608,71.09851440863409,36.54748034873669,15.49242617029138,7.81115429754655,1.0
78.254087062117,57.786702634856645,3.524892039469357,15.484410274847248,5.700767613340341,67.8655877276519,36.51594773757409,17.735410788173525,19.58812593726376,6.79974846834148,56.33370031673872,15.646150664037428,4.416963223240607,9.88034935334132,3.52748142171184,87.6242289876902,27.59048836471395,3.4295432903074845,10.16001707181222,3.924131233711012,0.2947309850576672,0.3130373847923218,0.235422232125831,1.0208243954511227,1.7680998708313642,144.61179704969064,20.562286878634524,9.7003475771302,6.622028796371466,3.369983906928583,131.2141889311849,34.28014822778797,7.225485949459841,10.526761385466331,9.028118070043607,228.0799299487321,100.94341209125368,16.67175998134276,22.209849619507462,7.5352362835606685,53.87866368804116,27.504873922652703,5.407398330203975,10.786915615226135,1.9258130643055569,178.87820750407863,91.42742045540872,27.884467294242835,58.76927673012449,45.15426797149311,184.62827435900928,117.53652351409708,9.744516548325524,28.45554958417496,5.795530849935092,197.73131713736447,63.814998274041685,6.040376967406438,13.52802030415468,2.7167782453923843,134.43778527076398,53.89398275423156,7.775724560652477,29.158204902203195,9.091708146099055,92.07235564505896,37.41620651412261,11.34102466299398,18.595106140102835,3.5718286367145766,45.23714987965298,39.55901450039952,38.21955572943272,18.593301851285872,6.203853473721323,153.61776584826416,35.347602162278946,31.364608335940083,25.988464838268417,5.93131057175907,36.62982488559108,64.04943470243127,27.058173505929016,16.49178827935804,6.182142809363422,13.287441589798409,17.810365357806777,13.084218985028912,11.16131440050534,2.5481562320907174,0.3440322234190884,0.7899624379671395,0.7677274604036288,1.8462019763852409,1.4462262938818995,137.63943404033645,2.2937855745888087,3.957227350501664,9.844516304772512,4.699822111961171,58.98461494149536,22.732194559463856,8.56417533444262,13.341027765466263,7.62818192432564,46.3757073231612,49.66061065891911,13.007952001181776,18.298742127716626,14.141106751340676,53.07390341787641,25.85696289986064,6.164516295144344,7.656095782766681,3.8587738181114655,24.384566484033343,25.886010469468964,41.25055138587714,52.26995415573034,22.37085353708488,89.52087953231569,42.071444079346485,15.888981738814186,15.802181325014423,10.655903530653248,75.48304305729745,30.77627918896892,24.8651773471858,18.41579333332676,6.147129973399379,12.925650980804248,18.71957350269227,16.897172330436394,19.00355597118001,7.2298400243184995,42.96788363009932,96.58803525374192,65.41555863396711,43.72042408740136,17.194458709159232,113.07267736178244,15.80820760530056,5.483733899604784,11.00927806325228,5.4847759075855285,185.6505430287016,15.008134728352395,7.229102014678227,12.193241369456493,9.5782847025595,59.00154804327708,8.25228097874379,8.863370376608371,13.688278807989525,6.419862968444716,11.638166627493902,9.800957653413487,5.51432263457533,10.21857583242592,7.121585455680823,0.2748924545438376,0.0948529196343676,0.3278731476011155,0.9268148489423572,1.1013935639219077,70.37794018048942,7.7415219989798,3.228326536797499,2.779611179460664,5.054600601069413,32.272040477712444,21.1404979750782,4.383325211781357,16.04421419376848,9.857520943818878,30.46325993178145,18.618869386778464,4.540637887692765,8.874668618904211,4.259080509228417,48.26193824352731,8.535335009354101,2.1717068724491697,5.658716125048849,6.77495833007026,37.9991192686393,25.80457524699208,16.822433777564065,59.71491461758972,43.64615088650954,58.12765973128679,27.109899391443168,10.992164166644873,26.210771154697447,18.30451454989864,59.90247479332759,22.9593809346798,5.928471545085774,14.240169104168992,9.506509425019248,95.12712247243934,27.12262014527928,5.488180505619416,17.810723893707195,11.6724755293824,101.06302863647004,16.001066648419908,8.144657736181657,12.112463514088624,12.728903918648689,1.0
98.06162532359386,46.64564421081029,6.520831435242576,26.089997084556327,7.464512186260957,648.0439692649758,72.03381380330066,11.636268003898596,20.56717577335856,8.236464552789778,54.46159024172288,37.2271362812947,3.3769029962332264,18.11119323936505,4.197687249718972,58.04465001059874,20.137075857748023,7.320937616069667,14.53202405340902,6.107779054372148,0.321885156118053,0.3532433956687822,0.2059478874607812,0.5517734948577265,0.4870223791222433,36.1349427435947,24.879900509345628,18.03067686520937,7.165934698071535,3.359716693917552,67.0597391578504,16.110553763713813,12.790412862209816,13.237411470005716,7.532329989543126,59.92624267369273,17.398768354791343,18.882827138118543,14.118099785964304,7.598632104451917,50.843139738145766,3.807538995513698,11.546897456369376,11.416778086301417,2.95223707298747,20.19769077894077,14.701188386087086,40.364053621460734,45.66408383489777,22.271518926934448,114.43788336869484,20.39283495803633,20.38698750779311,21.09118836503141,4.528484827479264,251.3664212605132,20.773992167938587,17.47662194761601,12.919010968687434,5.331287128441264,231.32945905358423,51.45599974592501,12.407334407550508,27.0871885119462,12.848086650718072,371.5446455771551,343.0002632491359,57.92259171310592,65.31234842898277,12.04445604047876,69.34548864737414,44.76017831553295,16.740882495452965,28.08033390565592,7.755507138935735,88.54132280505482,49.69681980776839,16.18361131124948,18.73120247677776,4.843849398208503,48.71452691195128,33.83556816508515,20.54230141572407,27.437405505159116,4.249452596957732,38.013720358694606,9.154581007308163,3.906963357011613,7.102198815411378,3.9752684525767785,1.291796996875867,0.3270396594544161,0.3303115029355218,1.380414531010998,1.0568859794464776,44.72563432403625,27.75213542055994,8.985370502301276,7.33778300485267,3.377983955729648,100.55361568994284,37.33480610196469,23.27101803473304,42.017971474350034,9.211693833326692,120.19274898999032,62.4137246020929,40.90514771783313,30.024629694009104,4.0708254819178045,63.80816258124008,13.591041280516164,13.021640404739626,11.8361005356469,3.5266715238812543,161.56941514548672,50.72239810670334,38.731861371169,75.03354119289658,30.050524030202947,110.04038053715271,79.2579607202711,15.998629509196068,27.942242201668776,9.21372927964699,67.8267754539034,44.0093000791296,13.753018419136833,26.225270241266685,4.586150677538907,93.14013872297812,70.8591980985804,30.221040801792533,32.32956080882047,3.223152106259884,42.226037252396736,70.146708118878,40.68902059638893,30.345490687701155,8.900833399217726,201.9049426406497,60.8217121256183,15.417715848811328,16.876644665664536,3.3821239436303063,71.21099020216678,48.22735210434961,20.41790667583088,24.57564339694948,4.612124216630424,73.46660167038466,38.10511691209184,18.24643843925996,13.615072468009767,3.1055151677643664,16.694524894882896,7.7169646422397635,10.63456613464472,6.3246591608110565,4.504947779778512,0.3544713512880594,0.3725869773131046,0.8141605460110285,2.1044247309619166,1.7755906077770387,308.2490678087765,29.96306765136917,11.611545219667605,8.125030126200613,1.432440350845122,88.22180032980452,31.09884918995545,12.912916643850895,13.626536936837724,5.1525165219321165,250.89194694967105,24.555008026707515,25.811703159514902,19.338533978262934,5.362877954672584,60.08360676989432,9.997797277481077,8.825116870999974,8.727489364697018,6.3441858967998,212.7610780636444,16.544544336201856,28.877489823681888,28.67022441393172,13.276477972095815,186.35176893596085,28.345214809529143,26.29145111631546,25.589968502123288,4.939544596944542,255.99044702917368,48.66967980145937,14.797490639942664,21.174596349780785,3.776415597992495,207.42416924476387,12.489113845608994,18.305582880596063,18.50327179913741,15.140238841310795,168.1596570024305,39.516727455064334,24.109700987649,15.407470891971634,6.846366896525302,1.0
82.35747249726435,49.12296751032724,15.870770533002071,15.361558338006136,15.79731205086486,157.82571430117372,92.40948263791783,18.263662670153103,18.38786898328308,20.58206042347518,54.5480680146468,37.6439531393809,7.396796530220898,14.24475768822582,19.625501596342804,27.377157003778244,23.51824135616829,18.226191183492823,6.783507841273382,9.640952204119529,1.1294226744235043,0.8073210040021899,0.3762190616803517,1.5912927606084777,1.14828482672303,213.2205173975105,4.779463162424346,3.859245944477209,9.50974723322264,5.699314947145784,211.98058262667763,8.407892723545729,13.940142976444424,14.249188012542536,8.061359373105486,554.7429525522177,21.182617664286063,9.183999655017445,21.02069894625176,21.36464214425184,253.3116170292047,11.732764403068709,3.436724987940273,7.600003660982237,8.478561599615155,179.4535894052929,15.528237990502417,9.713117497854515,52.534886934195775,34.24210232134408,185.62019662901292,34.294001030557894,19.45147571202945,33.11241194962313,11.670971059511745,59.91070601555181,37.59508649785526,14.06619943570438,28.933403665706926,14.20631469792156,238.96526463105343,48.11288430284844,16.099756008150365,27.01696604443533,16.416395827835217,327.54812003356375,55.45836870450427,20.71040561023566,19.547858931383743,12.511048461550187,62.5510241749342,49.48133919621331,23.182278498521853,15.396847229673964,6.0019979692139405,227.36393573144585,55.7273981303882,16.765914207984583,21.778856578119623,9.26373685195166,93.7629599876646,42.72151481285292,28.259155968964627,13.359206337838124,7.133991497176092,45.38756133706968,23.79527191698661,5.436546880469826,11.628009366353032,4.09567926689803,0.1370509629134744,0.462706774635697,0.7184808411357297,2.4102554193441383,1.6269894232070492,71.23487004068018,37.42692280809641,8.264633249908718,6.973655065217579,3.071748901211548,25.76758804436705,18.021648565844064,7.877823733489626,10.973076951765012,4.343538315982937,54.53751303010971,44.63363378198946,23.2329931451975,26.93234414946303,5.030424352808399,52.2572203254048,17.319252338925452,9.90568733097195,11.011086228903448,4.723846910705122,91.97938009910376,28.77409847183531,34.06368790028021,57.97295511087584,19.74904980687328,269.0867554023374,25.972117226843828,22.686918540639127,28.442786645638268,23.42007655003661,442.38879558710335,67.49982981229026,14.72701707963384,13.28453103477587,8.275750239221823,70.3182230166797,23.697799539876275,20.224242951487508,20.707884348620286,10.76347781021108,208.9596329036296,22.92124815329073,11.069963939072222,19.45526632403954,12.086537647159854,314.2513820249708,56.2448251656833,22.44534105117907,20.70366602553093,5.386957320002434,135.98177756521994,60.3382219986054,16.87821530510541,26.77050698495113,12.106767782897222,200.2634130258752,61.5658347860045,7.607199900130294,23.747073362358805,7.313127592284523,140.2947549277966,24.318352399875028,4.749846209969889,13.672374416345091,4.210760705096387,0.6908040365418545,0.2106720220683678,0.2658527765688556,1.647600002826067,1.195199724227538,132.8834833550836,29.370115337179104,10.619372662517376,10.077777365914164,2.6168572045676,276.8226004958547,51.02883830992812,26.941001872273983,22.73735937358729,7.097658231963082,101.18509958288244,66.94396744554572,23.846979890015103,24.679229562734985,4.500638090871526,70.59929351867113,24.91342206220748,6.844816916023434,8.655727307504362,4.613527724413412,365.2664621107708,63.24460958903151,27.03472596362633,45.64988407909112,28.311978858830496,310.54594092628554,77.64176950511953,11.05662733905623,32.01171771821366,12.563732630288328,2264.040066098276,454.5869124250533,94.103765621421,42.705365511999055,19.158778048880528,291.86543710134004,76.59343751346638,7.71845009815892,32.9422379732082,9.327169059362545,107.55578274244112,40.61965117460236,18.44338721192125,36.475617433978194,8.969013528136582,1.0
47.73513390957175,21.713717117057264,20.8762695483896,15.639609858451674,3.8987673969347454,163.48905698020147,24.991726602524714,14.466085439825491,18.847999258252,7.83025828545728,48.18409841202914,14.4868224406705,18.099003250827927,17.208907198397547,5.457645667191764,37.12065321423072,12.02245744432701,10.9298248491241,5.851255235764317,2.5695323228141334,0.1672390204607967,0.4319678023580804,0.2942142961841602,0.722054500249289,1.5434156771660763,26.78170470139099,4.725514814344619,9.697429434145024,10.654046968049382,4.87759859263416,28.963731491105065,6.885325265064882,24.674529927942206,18.8745268352024,17.07619554428909,157.59349576244432,21.12234665849147,35.371317180530866,15.274591990552938,6.640651486043706,27.68435359490172,3.060025122428396,5.412950382802912,6.029525502979057,2.729593986614862,34.98631049098848,6.134768381972505,34.1792220750531,37.27687934163627,48.32407327482562,23.030564527864264,26.29381442755792,20.70063443128429,20.46952769259717,9.194278807900574,233.42990209819467,33.53775320782201,27.736801483342767,15.497240670465995,7.244041119232572,71.59292054937357,10.772069325024434,13.99020204857858,24.999892012643947,10.593536362157934,127.7005323608958,11.482631273993997,23.78356547799376,19.165383423125355,6.960751716917663,184.50808405887955,12.859823621122082,9.969962567203812,16.536856090721702,2.5848221971679224,478.7518076510088,70.00505260906115,15.140331768357123,20.46951767432313,4.7062657800985725,242.56477474616264,16.92415313539344,14.215216527214816,19.412003098697195,6.9632849298359245,3446.1072520568846,2263.062987426213,298.33325807949507,372.40698394115617,55.781418856716776,0.4535103547416232,0.480589949588626,0.4103993544175645,1.1232903565648142,0.8833590804763137,115.67883049932456,7.913089354273853,3.87335534485048,7.748644832275101,2.8851248741946174,199.570200210153,13.498523136054258,8.760288233862774,11.232531947661396,3.079059053696536,123.73559148962929,48.76823253986753,12.904203084671217,16.761122886323705,5.67501522401782,81.38156087006001,9.466486360118328,9.964029556870738,9.60869449086172,5.59201371338986,256.8112069630342,27.30864199104777,38.63186299381648,51.161641669447896,30.73094418926819,368.6436279255124,36.81622082542292,17.13901795147951,21.199233738848807,8.341674839437864,373.20757070818655,22.471641782920138,25.654347017137432,17.050470432302724,4.599873839348576,187.6401119072869,32.05462271645158,17.855850060472314,29.739894508324443,13.718846113997726,168.37853978767967,25.35116996866815,23.893515767892108,17.64836317924118,8.566332291314886,55.20062519377052,31.589297559923537,18.485077192632502,11.785457354193523,3.4503466349504484,200.34259826132308,9.491757271888844,20.624036066602823,20.68082142915867,4.059504593515488,105.81985422751065,40.13715151262894,11.885509387560475,20.72567017192967,6.119540379224117,68.20288377307169,28.444831660260768,6.42527654983741,12.312905480731636,3.862138968289011,1.2405565057180972,0.0901037402996062,0.2767940277065196,1.7362033038315503,1.054120622634744,6.587231381032862,8.537410523013062,6.611573126236015,7.3611691398581245,2.598207701577775,21.64761089221929,20.7934060435716,12.1505111302062,12.841737431499771,13.374014955689583,52.66760109539085,43.42952716998935,15.742730968199844,11.851246650150804,5.7285710383101085,9.891849263510933,9.939287271851398,7.1125516825575135,5.415537908648568,2.1030262014670247,37.53105740123296,34.09524493613833,24.20660850908063,40.37709716921452,23.26382093735938,116.899420471452,21.516102039289407,15.39750382608472,19.9429252891632,7.754786730908495,110.8463453876361,20.036279130307516,14.165283002005191,20.146523976621488,4.330192345687603,59.56154911414338,44.41739811524449,19.76298479414036,13.59760384299485,9.067084507869827,178.90149156989435,52.95845905077934,26.66487397917816,14.35450048471382,6.144051379576806,1.0
13.304450043557496,25.62775507193024,16.29765258436376,16.423356784772235,7.594307789915095,129.5378002963409,22.87633671506969,9.978717042476,18.77712534183117,6.034928052096225,23.24295369310257,25.440331167756423,12.15400862494787,18.20291569199436,6.636982016505553,82.67515838532958,20.324661535625687,11.388410603006948,14.759074180797976,6.178929263001316,1.083370308865124,1.3210865545448789,0.4062744924199762,2.539332762242295,1.895308386603624,11.90955336736828,18.21604853485084,7.560599602471655,9.797618690927104,4.07624351578957,14.689793612829291,27.440147886784324,8.349117400116972,21.863863464020167,6.201090208069407,57.186985890751885,58.04996780531796,9.996851456427583,19.49719320649587,9.637640704632604,14.880113878759303,17.262349675492136,9.171042856389146,11.207147410561095,2.92706377697723,13.095931698904092,32.18205060709811,25.20014148717515,53.644729314135866,21.2598168325685,96.68159584383712,27.854656041894845,20.67406125772261,25.598668342623867,21.89369102302229,270.77580488040206,74.67245230040604,31.073880523100307,33.55739082252796,17.181891169968473,7.76684949465272,20.836311963282377,20.264932345291715,27.88510742367089,11.598182799104684,581.0054917497881,52.71783257263366,18.6206707299268,24.006808769945756,14.364600240071468,66.68633626043759,25.833755975658995,23.640070723672903,10.206488711121766,6.492011510118651,269.98517553098606,33.77730585975776,34.74242734545236,14.413800075197008,3.6964404093675465,137.95675831574826,29.472581379260223,27.508422252608742,13.345605798583415,4.108550265432731,19.350943267547294,14.496135704609664,25.869549531052336,8.969511064325879,6.823068666461856,2.5862330206628545,1.10025711887,0.2605870906511503,1.8778793024610296,1.5567794642620167,41.13883303169151,4.758882727651634,11.008695376825976,6.761572102479032,2.342458623279894,152.26102474879528,25.53935547319365,37.29090760360308,12.056523078861252,5.634805305279625,194.67180373318888,62.46808202582573,16.89795321775239,26.720191894708936,9.411872086899134,59.76931776865292,22.17580582270415,7.18847816258245,8.452158949807787,2.721397636878476,58.79601518172856,29.17681920407272,46.58172906535993,33.127323669594205,8.675288311095978,29.33517161680164,29.07656804934865,31.207233814571143,23.42822183747892,11.877446014572614,405.8395696677599,50.12222640787143,42.88433308325055,25.43530912858043,5.865261040190673,78.4586963729026,39.50349071074873,33.98932707275072,12.886426762728908,6.502712028894238,90.21661591046605,45.09315506586891,52.38581328802893,14.200054801239276,3.1264411581674314,261.65014289078425,8.212250841742998,9.373752340222715,19.2519057398612,12.16775093176322,545.2663183144198,29.64216707128908,8.448950449169185,12.746894423995716,13.119839139728988,425.6831956737256,4.3108881987023695,8.208050496537071,17.863759445843193,9.679377424755554,129.25023569876316,7.329700319026551,6.207519526488339,13.114602525333392,12.19164143459032,0.2344679309219133,1.1066842961491443,0.6122276437705173,1.4316664235341223,1.6143885228045856,187.64213225914983,20.95779840507054,2.420962543539656,11.414289775780851,4.245018490502372,378.25451631410016,10.780300351555749,6.969797596456174,19.37770665727057,5.305115065193811,283.8860370441806,12.725282935719894,11.302487552218444,19.976011534503133,6.616045869281318,63.91951470272632,20.77113481459484,4.619450887296361,11.7418768846115,7.259958665913862,353.8722701175337,15.807731125918158,8.470206687679564,82.94891340747198,22.68988313216249,632.3015868555545,10.22470626695476,11.622056628702776,28.824636484483705,20.722981019743138,615.9214472259664,21.069221390065007,9.68974069598921,29.47823931631612,11.850999092848433,240.4672309755576,7.486267497878749,9.48499685452553,24.765035802965823,17.797916006313606,130.21365317587447,27.606663772477223,25.925634058627903,31.2587906235306,11.646973163041071,1.0
210.17368892934016,42.4447167954682,31.549907511406623,15.273794737882216,8.91442722034001,861.0267811629005,82.38776745516815,35.913730010611026,14.397164183009023,7.316348196149277,302.00979071974007,40.57370567926539,31.49415184235969,19.869315297169862,7.484728303613286,128.51761537826744,18.970647725119,11.956089440175544,5.767404948315688,2.7314726935313423,0.6744622384361098,0.7840421348205339,0.4025972525631071,0.7765994678454625,0.7298703763613728,2179.996983003523,403.9042486443881,156.72667102035587,99.46380228218052,17.04826494441211,105.29942065279528,48.361698432513485,27.9495614113126,13.23633465025084,5.386040159515785,217.1198461735597,55.180949670804246,20.59211446384059,12.665519596296718,12.63179594184028,41.46280039682205,23.696217887685293,4.860191658742036,4.683220142426332,1.3882474539359793,125.3236093387824,30.001086817437216,19.26498519175176,35.77644723414138,15.735649259190891,359.0826690448336,38.541734278986176,32.95967019823141,31.77788167942528,18.455675873166705,208.42286499584648,43.2161974430997,32.868012462990364,28.413215802728143,5.491563066914184,280.80087720327504,44.96346206264768,32.700039530904384,23.21381663094624,17.86244972336759,308.47303684398145,34.61549009339287,40.24451172978024,19.81279879793223,11.297115431696376,128.52122928321052,52.485936068844175,18.90548104070425,21.880627052661943,5.887481683488896,151.377313346182,49.48885846128384,23.67032796583922,22.550887868138258,6.697224416954361,74.76229718598262,61.35604576743435,27.746258416164725,14.027380125401844,4.419680890697453,33.19821811714722,21.850264309086484,9.423830968292222,9.179113273375725,3.465952518346547,0.4583811188094113,0.5832164248262097,0.7367538983835951,2.105048077222265,2.721628070355305,39.914692911019216,6.477878118797905,4.1674088658283805,5.291609267889404,4.455644366579749,36.5074476894208,19.410380978798308,12.376778690617517,14.5368211229293,11.368794612335003,70.38841087321137,39.145886227531406,58.43988658781618,30.711901119708287,5.870330445742953,54.4813307910297,11.2870089002075,11.176864589417384,12.392545897633306,4.129743843633298,70.92122063650837,19.13973647806897,25.84137173464156,57.49341287774868,24.945752289652443,116.0837886921492,38.260660111113104,19.28163614653753,20.00480824599244,11.433691115634288,153.90940414728794,47.23505580559616,16.744008369975084,17.2134211291038,9.884664404626497,102.0457155064398,12.244479930520024,22.210849472637715,23.77504149614637,7.165072746455042,96.69325005109424,38.372936731138246,27.082047890263294,12.613582633857355,6.182440527787147,239.96644199475097,36.30418187674431,9.017675974994392,18.49169101315028,4.510135918234039,428.7963534803218,86.17630092112773,11.466545422784844,23.988263842443104,6.748915528368099,145.36780507118587,13.928990755315088,9.899259740833806,15.927369998730496,5.989776142132715,230.43457401564336,31.508557844772355,7.908071201803706,8.718160542318001,6.852820467383784,0.5748003347073983,1.281051298627507,0.2689557395128879,1.9895940563097043,1.6901727541372096,23.66511356216585,4.8072320612651485,7.590449767659197,6.512583125915466,4.50390771448412,16.70561120277895,10.697447302492812,11.562696934480224,29.53476076748296,12.792058705395403,47.30753468012245,15.508669477363288,40.14807807159293,28.956793877634205,9.291009458490008,109.81794883464478,8.232755000899827,8.060191785912501,8.530543536866334,2.967873720235768,74.53675799479073,11.568630155040008,14.94151689034386,44.00382400764632,13.354355415862932,51.001560177262405,47.292809041326485,20.33732867645894,25.097065066712144,17.4628866058045,120.40282734800944,26.738395011633244,6.141916810508249,12.491859422373238,8.135039592510477,368.6042859884951,62.5470680014539,29.95173960228928,30.297692191890423,23.13480108647173,294.72491620954605,42.96039386979632,10.584701214543228,19.953305917970766,7.417538617452242,2.0
90.02974550835864,20.320275704851788,28.905012080276386,26.523981749038203,6.944688016164116,112.57770273141296,18.92162141665672,15.396386369952316,18.564519454460303,11.34817739368076,55.99965720912117,10.826064648811684,14.865292316852544,27.47649406624309,6.668208409315879,36.759325315106615,11.272512053033932,2.7028506283740894,8.20709910600044,6.269003249006711,0.3263719727119946,0.2737026982583613,0.5229373131631189,1.8046030432314808,2.570598683227721,22.685548949931803,4.874943869338725,10.673284209675655,14.931097632892392,2.4506976840734582,150.2422975234696,10.630193221491323,8.285752212938174,14.48380084218585,10.383478398352016,181.5474046677438,61.54411966254322,35.450120470046194,30.816001148421144,9.496360181018686,54.6379037208384,16.5309166006196,4.837078296899776,7.36393589821598,5.32667062793336,114.05609684835694,22.38674676778839,17.85848004455769,43.21484596219111,20.3440882977614,91.07932475843612,38.50284266717231,32.29567678830531,37.33735480547093,27.142457130785303,45.54879402382084,25.270813253291703,27.719005917945047,22.76404126645336,7.557419679129081,70.80406263024345,26.348795475893425,20.07777022996829,31.659900333667487,16.50447785355487,53.04879806624592,25.48957521637452,24.96422144519851,32.99793854487162,9.998179403388548,547.1919779130736,22.060732462967216,21.789235010426843,12.486117400828302,9.243159875521162,176.2132354500156,22.850085084488416,21.29200958896097,11.800462675475648,5.115811100683625,118.87198273482178,13.651710432737266,20.037571009518423,12.756181016282095,3.0871442230096022,66.49792813611505,16.755825738689005,6.702169589852598,12.236492682814564,5.539722784466852,0.5624230459072559,0.5510016812718652,0.5181868920895272,1.5939106702752577,1.1324907134570823,39.39704490176169,14.739516071483472,3.300581549761457,8.136615406592632,2.2650132596316546,50.46384707859644,27.377069690829806,15.553998459392275,23.22895321620684,6.351262446819688,114.19298931852308,88.94481160362932,18.39234609510428,12.963191411921452,3.532613538208581,41.53438454639677,5.917060185902616,4.58003074946639,5.741460072757668,3.3560101969468006,174.30924516578403,19.65125522293844,28.08730144975693,43.820324362587485,14.107552787969816,256.4517814937947,19.402770458508712,17.296401013054858,30.894534484982927,18.76843127120303,114.108709847494,29.3717548466347,15.564982414896535,20.53379649407469,6.784164769316277,151.35872854151654,16.286923162124225,22.904138347196863,11.771086884305184,8.463652504229856,53.749387886153606,18.93134518639859,7.634400272671627,17.40911865523348,6.079481199074618,2404.752356819967,157.14784276673424,52.65688888421536,42.55783242156264,11.881057707394044,107.08980700351844,22.57078339923057,8.533483821420146,14.2652973392872,4.2830874298792185,9.505759461520269,19.67945806721792,9.686188852121854,10.407158308628944,4.519351229969595,9.416550026185527,17.352255038962497,6.737480255661912,7.55197278346665,6.225001227113198,0.2841746846561949,0.6906912037395558,0.4898422989859525,0.9191405307739906,1.0600928515322776,8.266767420777931,6.784819575264609,6.09838098609084,13.577336651576884,5.244318527026837,92.84124155304984,33.150757011091414,25.08286595512132,20.493805495651035,10.321821568450916,58.494308412101816,19.155608770086296,25.75978286754452,16.45376239957828,6.202416793810542,48.0277913613667,17.710587678189732,10.577391284727415,3.486455475437368,3.919338441591579,66.01401946992982,48.67774010390688,26.230330602587102,14.269091569107744,20.843694599237047,128.83629981729842,42.067107074985245,14.902250522550515,17.4511480620434,11.90758120080048,27.56640221012692,58.32977707290259,30.374892978314463,15.872641711338456,3.160324806662582,106.80292203342384,42.72559058870377,17.287364072327588,25.06612754240477,7.546971134320666,36.092259956174814,39.99373804026985,37.54591339054535,15.215625051044096,5.510367043214867,2.0
243.19360825315076,109.7896035684998,2.530413597590172,17.832862645258103,12.2100669615874,435.352259698726,212.7498080941845,11.48473008285146,18.967231112913726,5.605118310064393,89.98125183935844,56.11162654493187,4.485589074100802,24.133560799191688,6.967617592983089,58.599565516856366,56.6854951213366,4.009815692339858,14.959467115877592,4.296758321027668,0.9052005366499306,0.9341806495325112,0.550485557791014,0.73280874837753,1.2343951157482025,38.49692461690215,3.1428297169027486,5.5224948528375455,8.968024424338866,4.471986918196573,9.870351917404577,56.30929970170512,13.429452348683972,13.65174129354847,13.1217055876442,82.19330924689798,100.518732466595,47.55718093604216,24.69527723739984,4.591551698269056,48.867557594403614,29.43489347208164,8.193465806532265,6.0766105359834,2.2822026455242126,44.20289887767356,125.80681955342372,28.189496738781063,29.75007203497736,21.50758433598415,88.70382739867942,80.21602628088874,29.433461485963985,21.71887588913649,11.674648046737012,126.13704337975888,65.27793161988855,17.57729283637096,21.52206723809025,6.804641316783174,241.77237085783617,89.4412115584953,10.782311092760096,27.202320537788136,10.79098869279188,268.5825533139257,187.29571137328875,10.279560757387545,31.354460106263808,12.680292152025824,108.28390328537616,13.205459908718026,15.08498776014454,22.3288254006098,6.65685166754828,82.28569929330206,12.454951684242332,14.979666113157304,22.6002933922624,2.8962511698053457,96.81282966297664,12.78097223930306,15.970456111119226,20.714169773962634,7.27170038172655,55.05582592654713,2.312987256582288,5.753908277091209,10.960671693618869,2.187711829965581,1.1718747346964502,0.1856250012040571,0.6638677987335753,1.8515102253101,1.4542167620300843,33.26780307330885,0.7415232052525694,2.9117469080492167,7.132496521381804,2.7078623458358777,26.38665289660564,1.2852842846027348,9.25630515721244,17.420307728318953,8.492909387068234,65.88024493014166,20.512478269418043,14.212843276598369,14.059415701233204,3.6491641164695183,42.01624307979436,8.431108607571932,4.733537060572389,5.04638762741839,2.366822471554965,29.895797919876628,7.764279217734984,4.784789213762007,20.07132034168823,25.648104304923447,337.0145682202156,4.46803275657614,12.16411050119602,19.615969147962904,13.680173286515176,138.07273088507645,35.67206953625325,27.09991220608837,23.03766504166633,6.833861290068583,36.11577340464022,6.527125627813614,6.593831423874025,21.254655911655945,7.792058911050784,228.94363547560027,44.641851326913496,16.828333861517677,37.075997016479086,6.468919423854466,29.32404297530396,18.42542847870797,7.302060365853155,5.263615411531196,4.057383257356371,186.32939490318643,25.223923242459104,11.43894893491562,12.775310036904704,5.381917883903808,93.57946991472072,12.781429204823908,5.905056514024014,4.248640623896592,2.4827735336480754,21.12539569118309,11.993428548472515,10.474061560445342,10.244014062044624,6.520881113327135,0.7622298083602295,0.5207803295160617,0.4398150287759473,2.0637973851756346,2.3417496854221675,18.51143833675164,8.474546330360964,2.9028785657367724,5.928781076565339,3.8844444421822057,22.063273349939728,4.8898019872972815,4.652452773544872,21.338811070558577,4.533744275338744,317.09087414492024,46.54213660343336,18.177710420528896,18.775361229134027,7.127812774480852,87.23234280997313,13.564826875987285,5.747123704717651,6.3951454612358765,4.562012911646977,100.04020726294912,11.004814461071364,17.792346881138172,15.85116685301122,19.048877098052863,325.5528315205955,10.934885202839515,8.328257541868412,18.16695214262345,8.175328014786569,18.26966503776769,8.9824099914794,11.595490159329534,10.634690197637104,3.727419258350821,67.51425267212892,5.9188932876542255,10.344343842566524,15.20883342709529,11.29205518105224,11.933072865325858,15.300772316671576,15.6228592217225,12.494919938136956,5.4255498780477165,2.0
